descripcion,categoria
Una escultura autodid√°ctico para estudiantes,Derecho de autor
Una software sobre cocina tradicional,Derecho de autor
Una coreograf√≠a sobre arquitectura colonial,Derecho de autor
Una obra de teatro sobre cocina tradicional,Derecho de autor
Una obra arquitect√≥nica sobre programaci√≥n en Python,Derecho de autor
Una poema sobre la guerra del Pac√≠fico,Derecho de autor
Una software sobre inteligencia artificial,Derecho de autor
Una audiolibro sobre inteligencia artificial,Derecho de autor
Una pintura sobre mitolog√≠a incaica,Derecho de autor
Una documental para educaci√≥n ambiental,Derecho de autor
Una software basado en hechos reales,Derecho de autor
Una software para aprender matem√°ticas,Derecho de autor
Una pintura para educaci√≥n ambiental,Derecho de autor
Una tesis para entrenamiento deportivo,Derecho de autor
Una libro sobre mitolog√≠a incaica,Derecho de autor
Una software autodid√°ctico para estudiantes,Derecho de autor
Una ensayo sobre programaci√≥n en Python,Derecho de autor
Una cuento para ense√±anza primaria,Derecho de autor
Una guion cinematogr√°fico sobre danza folcl√≥rica,Derecho de autor
Una documental para ense√±anza primaria,Derecho de autor
Una videojuego para educaci√≥n ambiental,Derecho de autor
Una tesis basado en hechos reales,Derecho de autor
Una obra de teatro basado en hechos reales,Derecho de autor
Una dibujo sobre inteligencia artificial,Derecho de autor
Una poema sobre la guerra del Pac√≠fico,Derecho de autor
Una tesis sobre danza folcl√≥rica,Derecho de autor
Una audiolibro para ense√±anza primaria,Derecho de autor
Una coreograf√≠a sobre arquitectura colonial,Derecho de autor
Una dibujo para entrenamiento deportivo,Derecho de autor
Una libro sobre derechos humanos,Derecho de autor
Una obra arquitect√≥nica sobre programaci√≥n en Python,Derecho de autor
Una obra arquitect√≥nica sobre la historia del Per√∫,Derecho de autor
Una videojuego sobre la guerra del Pac√≠fico,Derecho de autor
Una escultura sobre mitolog√≠a incaica,Derecho de autor
Una tesis sobre inteligencia artificial,Derecho de autor
Una pintura sobre mitolog√≠a incaica,Derecho de autor
Una coreograf√≠a sobre conflictos sociales,Derecho de autor
Una escultura sobre la guerra del Pac√≠fico,Derecho de autor
Una tesis sobre biodiversidad amaz√≥nica,Derecho de autor
Una cuento sobre mitolog√≠a incaica,Derecho de autor
Una manual t√©cnico sobre filosof√≠a contempor√°nea,Derecho de autor
Una obra arquitect√≥nica para entrenamiento deportivo,Derecho de autor
Una audiolibro sobre mitolog√≠a incaica,Derecho de autor
Una coreograf√≠a sobre conflictos sociales,Derecho de autor
Una audiolibro para ense√±anza primaria,Derecho de autor
Una dibujo basado en hechos reales,Derecho de autor
Una ensayo sobre conflictos sociales,Derecho de autor
Una tesis para educaci√≥n ambiental,Derecho de autor
Una audiolibro sobre programaci√≥n en Python,Derecho de autor
Una coreograf√≠a sobre mitolog√≠a incaica,Derecho de autor
Una escultura sobre mitolog√≠a incaica,Derecho de autor
Una coreograf√≠a sobre inteligencia artificial,Derecho de autor
Una escultura para entrenamiento deportivo,Derecho de autor
Una pintura para entrenamiento deportivo,Derecho de autor
Una fotograf√≠a basado en hechos reales,Derecho de autor
Una pintura para aprender matem√°ticas,Derecho de autor
Una pel√≠cula sobre inteligencia artificial,Derecho de autor
Una tesis basado en hechos reales,Derecho de autor
Una ensayo para ense√±anza primaria,Derecho de autor
Una escultura autodid√°ctico para estudiantes,Derecho de autor
Una documental sobre cocina tradicional,Derecho de autor
Una audiolibro autodid√°ctico para estudiantes,Derecho de autor
Una audiolibro para educaci√≥n ambiental,Derecho de autor
Una pintura basado en hechos reales,Derecho de autor
Una poema sobre cocina tradicional,Derecho de autor
Una dibujo sobre inteligencia artificial,Derecho de autor
Una ensayo sobre derechos humanos,Derecho de autor
Una tesis inspirado en la cultura andina,Derecho de autor
Una software sobre biodiversidad amaz√≥nica,Derecho de autor
Una obra arquitect√≥nica sobre danza folcl√≥rica,Derecho de autor
Una coreograf√≠a sobre danza folcl√≥rica,Derecho de autor
Una videojuego sobre conflictos sociales,Derecho de autor
Una pintura sobre filosof√≠a contempor√°nea,Derecho de autor
Una coreograf√≠a sobre arquitectura colonial,Derecho de autor
Una obra de teatro sobre astronom√≠a y el universo,Derecho de autor
Una software sobre derechos humanos,Derecho de autor
Una coreograf√≠a inspirado en la cultura andina,Derecho de autor
Una escultura sobre la guerra del Pac√≠fico,Derecho de autor
Una pintura sobre filosof√≠a contempor√°nea,Derecho de autor
Una pintura sobre conflictos sociales,Derecho de autor
Una poema sobre programaci√≥n en Python,Derecho de autor
Una pel√≠cula sobre arquitectura colonial,Derecho de autor
Una fotograf√≠a basado en hechos reales,Derecho de autor
Una cuento sobre astronom√≠a y el universo,Derecho de autor
Una manual t√©cnico sobre derechos humanos,Derecho de autor
Una manual t√©cnico inspirado en la cultura andina,Derecho de autor
Una dibujo sobre astronom√≠a y el universo,Derecho de autor
Una cuento sobre inteligencia artificial,Derecho de autor
Una videojuego sobre la historia del Per√∫,Derecho de autor
Una dibujo sobre la historia del Per√∫,Derecho de autor
Una documental sobre cocina tradicional,Derecho de autor
Una pintura sobre derechos humanos,Derecho de autor
Una coreograf√≠a sobre arquitectura colonial,Derecho de autor
Una pintura sobre mitolog√≠a incaica,Derecho de autor
Una documental sobre cocina tradicional,Derecho de autor
Una tesis para ense√±anza primaria,Derecho de autor
Una libro sobre programaci√≥n en Python,Derecho de autor
Una fotograf√≠a para ense√±anza primaria,Derecho de autor
Una tesis sobre astronom√≠a y el universo,Derecho de autor
Una obra arquitect√≥nica sobre conflictos sociales,Derecho de autor
Una pel√≠cula inspirado en la cultura andina,Derecho de autor
Una cuento sobre mitolog√≠a incaica,Derecho de autor
Una coreograf√≠a para entrenamiento deportivo,Derecho de autor
Una dibujo para educaci√≥n ambiental,Derecho de autor
Una guion cinematogr√°fico sobre filosof√≠a contempor√°nea,Derecho de autor
Una ensayo sobre mitolog√≠a incaica,Derecho de autor
Una escultura sobre astronom√≠a y el universo,Derecho de autor
Una software inspirado en la cultura andina,Derecho de autor
Una documental sobre danza folcl√≥rica,Derecho de autor
Una composici√≥n musical para entrenamiento deportivo,Derecho de autor
Una documental sobre filosof√≠a contempor√°nea,Derecho de autor
Una obra arquitect√≥nica sobre derechos humanos,Derecho de autor
Una coreograf√≠a para ense√±anza primaria,Derecho de autor
Una fotograf√≠a sobre astronom√≠a y el universo,Derecho de autor
Una software sobre filosof√≠a contempor√°nea,Derecho de autor
Una tesis para aprender matem√°ticas,Derecho de autor
Una software sobre astronom√≠a y el universo,Derecho de autor
Una tesis sobre astronom√≠a y el universo,Derecho de autor
Una escultura sobre conflictos sociales,Derecho de autor
Una escultura sobre cocina tradicional,Derecho de autor
Una guion cinematogr√°fico sobre la guerra del Pac√≠fico,Derecho de autor
Una manual t√©cnico inspirado en la cultura andina,Derecho de autor
Una tesis sobre inteligencia artificial,Derecho de autor
Una manual t√©cnico sobre derechos humanos,Derecho de autor
Una ensayo sobre filosof√≠a contempor√°nea,Derecho de autor
Una documental sobre conflictos sociales,Derecho de autor
Una obra de teatro sobre arquitectura colonial,Derecho de autor
Una obra arquitect√≥nica sobre inteligencia artificial,Derecho de autor
Una libro sobre filosof√≠a contempor√°nea,Derecho de autor
Una dibujo sobre astronom√≠a y el universo,Derecho de autor
Una ensayo sobre mitolog√≠a incaica,Derecho de autor
Una ensayo para ense√±anza primaria,Derecho de autor
Una poema autodid√°ctico para estudiantes,Derecho de autor
Una cuento para educaci√≥n ambiental,Derecho de autor
Una tesis sobre arquitectura colonial,Derecho de autor
Una coreograf√≠a basado en hechos reales,Derecho de autor
Una software sobre arquitectura colonial,Derecho de autor
Una pintura sobre la historia del Per√∫,Derecho de autor
Una obra de teatro sobre arquitectura colonial,Derecho de autor
Una obra arquitect√≥nica para entrenamiento deportivo,Derecho de autor
Una dibujo sobre inteligencia artificial,Derecho de autor
Una obra arquitect√≥nica sobre arquitectura colonial,Derecho de autor
Una pintura sobre biodiversidad amaz√≥nica,Derecho de autor
Una dibujo sobre conflictos sociales,Derecho de autor
Una pel√≠cula sobre la historia del Per√∫,Derecho de autor
Una poema autodid√°ctico para estudiantes,Derecho de autor
Una obra de teatro sobre astronom√≠a y el universo,Derecho de autor
Una videojuego autodid√°ctico para estudiantes,Derecho de autor
Una pel√≠cula para educaci√≥n ambiental,Derecho de autor
Una pel√≠cula sobre programaci√≥n en Python,Derecho de autor
Una libro para aprender matem√°ticas,Derecho de autor
Una escultura sobre conflictos sociales,Derecho de autor
Una manual t√©cnico sobre inteligencia artificial,Derecho de autor
Una coreograf√≠a para ense√±anza primaria,Derecho de autor
Una libro sobre cocina tradicional,Derecho de autor
Una libro sobre mitolog√≠a incaica,Derecho de autor
Una obra de teatro sobre inteligencia artificial,Derecho de autor
Una pintura sobre mitolog√≠a incaica,Derecho de autor
Una dibujo sobre la guerra del Pac√≠fico,Derecho de autor
Una pintura para ense√±anza primaria,Derecho de autor
Una tesis sobre filosof√≠a contempor√°nea,Derecho de autor
Una obra de teatro sobre danza folcl√≥rica,Derecho de autor
Una audiolibro para ense√±anza primaria,Derecho de autor
Una guion cinematogr√°fico basado en hechos reales,Derecho de autor
Una pel√≠cula sobre danza folcl√≥rica,Derecho de autor
Una dibujo sobre cocina tradicional,Derecho de autor
Una documental sobre danza folcl√≥rica,Derecho de autor
Una audiolibro basado en hechos reales,Derecho de autor
Una tesis sobre filosof√≠a contempor√°nea,Derecho de autor
Una cuento para ense√±anza primaria,Derecho de autor
Una pel√≠cula para educaci√≥n ambiental,Derecho de autor
Una libro para aprender matem√°ticas,Derecho de autor
Una composici√≥n musical sobre la historia del Per√∫,Derecho de autor
Una tesis sobre la guerra del Pac√≠fico,Derecho de autor
Una libro para aprender matem√°ticas,Derecho de autor
Una documental para aprender matem√°ticas,Derecho de autor
Una manual t√©cnico para entrenamiento deportivo,Derecho de autor
Una documental sobre la historia del Per√∫,Derecho de autor
Una obra arquitect√≥nica inspirado en la cultura andina,Derecho de autor
Una coreograf√≠a sobre cocina tradicional,Derecho de autor
Una videojuego sobre cocina tradicional,Derecho de autor
Una software sobre mitolog√≠a incaica,Derecho de autor
Una manual t√©cnico sobre filosof√≠a contempor√°nea,Derecho de autor
Una documental para educaci√≥n ambiental,Derecho de autor
Una libro para ense√±anza primaria,Derecho de autor
Una composici√≥n musical sobre la historia del Per√∫,Derecho de autor
Una composici√≥n musical sobre conflictos sociales,Derecho de autor
Una ensayo sobre danza folcl√≥rica,Derecho de autor
Una fotograf√≠a sobre mitolog√≠a incaica,Derecho de autor
Una pintura sobre biodiversidad amaz√≥nica,Derecho de autor
Una documental sobre arquitectura colonial,Derecho de autor
Una pel√≠cula sobre danza folcl√≥rica,Derecho de autor
Una coreograf√≠a sobre conflictos sociales,Derecho de autor
Una pintura inspirado en la cultura andina,Derecho de autor
Una composici√≥n musical sobre inteligencia artificial,Derecho de autor
Una audiolibro sobre la guerra del Pac√≠fico,Derecho de autor
Una composici√≥n musical sobre derechos humanos,Derecho de autor
Una ensayo sobre mitolog√≠a incaica,Derecho de autor
Una pel√≠cula autodid√°ctico para estudiantes,Derecho de autor
Una obra de teatro inspirado en la cultura andina,Derecho de autor
Una marca para una fintech peruana,Marca
Una marca figurativa para un restaurante vegano,Marca
Una marca para una fintech peruana,Marca
Una marca verbal para un servicio de mensajer√≠a,Marca
Una marca para una bebida energ√©tica,Marca
Una marca sonora para una app de meditaci√≥n,Marca
Una marca olfativa para una l√≠nea de velas arom√°ticas,Marca
Una naming creativo para una l√≠nea de perfumes,Marca
Una slogan publicitario para un producto ecol√≥gico,Marca
Una marca para una l√≠nea de productos org√°nicos,Marca
Una marca para una fintech peruana,Marca
Una logotipo y nombre para un gimnasio urbano,Marca
Una marca figurativa para un restaurante vegano,Marca
Una marca mixta para una tienda de mascotas,Marca
Una marca verbal para un servicio de mensajer√≠a,Marca
Una marca personal para una influencer de moda,Marca
Una slogan publicitario para un producto ecol√≥gico,Marca
Una marca sonora para una app de meditaci√≥n,Marca
Una slogan publicitario para un producto ecol√≥gico,Marca
Una logotipo para una empresa de tecnolog√≠a,Marca
Una slogan para una campa√±a de concientizaci√≥n,Marca
Una nombre comercial para una tienda de ropa,Marca
Una nombre comercial para una tienda de ropa,Marca
Una marca gr√°fica para una l√≠nea de cosm√©ticos,Marca
Una marca personal para una influencer de moda,Marca
Una slogan para una empresa de energ√≠a renovable,Marca
Una marca figurativa para un restaurante vegano,Marca
Una slogan para una campa√±a de concientizaci√≥n,Marca
Una slogan para una campa√±a de concientizaci√≥n,Marca
Una marca para una bebida energ√©tica,Marca
Una marca mixta para una tienda de mascotas,Marca
Una marca figurativa para un restaurante vegano,Marca
Una slogan publicitario para un producto ecol√≥gico,Marca
Una logotipo y nombre para un gimnasio urbano,Marca
Una marca sonora para una app de meditaci√≥n,Marca
Una marca para una fintech peruana,Marca
Una marca para una fintech peruana,Marca
Una marca sonora para una app de meditaci√≥n,Marca
Una marca figurativa para un restaurante vegano,Marca
Una marca para una fintech peruana,Marca
Una marca para una bebida energ√©tica,Marca
Una marca para una bebida energ√©tica,Marca
Una marca figurativa para un restaurante vegano,Marca
Una nombre comercial para una tienda de ropa,Marca
Una marca olfativa para una l√≠nea de velas arom√°ticas,Marca
Una marca verbal para un servicio de mensajer√≠a,Marca
Una marca olfativa para una l√≠nea de velas arom√°ticas,Marca
Una marca para una bebida energ√©tica,Marca
Una marca sonora para una app de meditaci√≥n,Marca
Una marca olfativa para una l√≠nea de velas arom√°ticas,Marca
Una marca gr√°fica para una l√≠nea de cosm√©ticos,Marca
Una marca figurativa para un restaurante vegano,Marca
Una logotipo para un estudio de arquitectura,Marca
Una logotipo para un estudio de arquitectura,Marca
Una nombre de marca para un negocio gastron√≥mico,Marca
Una marca verbal para un servicio de mensajer√≠a,Marca
Una logo y lema para una empresa de turismo,Marca
Una slogan para una campa√±a de concientizaci√≥n,Marca
Una marca para una bebida energ√©tica,Marca
Una logotipo para un estudio de arquitectura,Marca
Una marca olfativa para una l√≠nea de velas arom√°ticas,Marca
Una naming creativo para una l√≠nea de perfumes,Marca
Una marca personal para una influencer de moda,Marca
Una marca personal para una influencer de moda,Marca
Una marca sonora para una app de meditaci√≥n,Marca
Una logotipo para una empresa de tecnolog√≠a,Marca
Una nombre comercial para una tienda de ropa,Marca
Una naming creativo para una l√≠nea de perfumes,Marca
Una slogan para una empresa de energ√≠a renovable,Marca
Una marca para una fintech peruana,Marca
Una marca olfativa para una l√≠nea de velas arom√°ticas,Marca
Una logotipo y nombre para un gimnasio urbano,Marca
Una logo y lema para una empresa de turismo,Marca
Una slogan para una empresa de energ√≠a renovable,Marca
Una logotipo y nombre para un gimnasio urbano,Marca
Una marca mixta para una tienda de mascotas,Marca
Una marca para una fintech peruana,Marca
Una marca para una fintech peruana,Marca
Una logotipo para un estudio de arquitectura,Marca
Una nombre comercial para una tienda de ropa,Marca
Una slogan para una campa√±a de concientizaci√≥n,Marca
Una marca mixta para una tienda de mascotas,Marca
Una slogan publicitario para un producto ecol√≥gico,Marca
Una marca para una l√≠nea de productos org√°nicos,Marca
Una logotipo para una empresa de tecnolog√≠a,Marca
Una nombre de marca para un negocio gastron√≥mico,Marca
Una logotipo para un estudio de arquitectura,Marca
Una naming creativo para una l√≠nea de perfumes,Marca
Una marca para una l√≠nea de productos org√°nicos,Marca
Una marca gr√°fica para una l√≠nea de cosm√©ticos,Marca
Una marca verbal para un servicio de mensajer√≠a,Marca
Una marca para una fintech peruana,Marca
Una naming creativo para una l√≠nea de perfumes,Marca
Una nombre comercial para una tienda de ropa,Marca
Una marca figurativa para un restaurante vegano,Marca
Una marca gr√°fica para una l√≠nea de cosm√©ticos,Marca
Una slogan para una empresa de energ√≠a renovable,Marca
Una logotipo para un estudio de arquitectura,Marca
Una marca mixta para una tienda de mascotas,Marca
Una marca figurativa para un restaurante vegano,Marca
Una slogan para una campa√±a de concientizaci√≥n,Marca
Una marca gr√°fica para una l√≠nea de cosm√©ticos,Marca
Una marca personal para una influencer de moda,Marca
Una marca para una fintech peruana,Marca
Una marca figurativa para un restaurante vegano,Marca
Una logotipo y nombre para un gimnasio urbano,Marca
Una nombre de marca para un negocio gastron√≥mico,Marca
Una marca para una l√≠nea de productos org√°nicos,Marca
Una marca mixta para una tienda de mascotas,Marca
Una naming creativo para una l√≠nea de perfumes,Marca
Una marca para una l√≠nea de productos org√°nicos,Marca
Una marca para una fintech peruana,Marca
Una marca para una bebida energ√©tica,Marca
Una marca personal para una influencer de moda,Marca
Una marca para una l√≠nea de productos org√°nicos,Marca
Una logotipo para un estudio de arquitectura,Marca
Una marca verbal para un servicio de mensajer√≠a,Marca
Una naming creativo para una l√≠nea de perfumes,Marca
Una slogan para una empresa de energ√≠a renovable,Marca
Una marca para una fintech peruana,Marca
Una logo y lema para una empresa de turismo,Marca
Una logo y lema para una empresa de turismo,Marca
Una marca figurativa para un restaurante vegano,Marca
Una logotipo y nombre para un gimnasio urbano,Marca
Una logotipo para un estudio de arquitectura,Marca
Una marca personal para una influencer de moda,Marca
Una nombre de marca para un negocio gastron√≥mico,Marca
Una marca figurativa para un restaurante vegano,Marca
Una logotipo para un estudio de arquitectura,Marca
Una marca olfativa para una l√≠nea de velas arom√°ticas,Marca
Una nombre comercial para una tienda de ropa,Marca
Una logotipo para un estudio de arquitectura,Marca
Una marca para una bebida energ√©tica,Marca
Una marca sonora para una app de meditaci√≥n,Marca
Una marca personal para una influencer de moda,Marca
Una naming creativo para una l√≠nea de perfumes,Marca
Una marca mixta para una tienda de mascotas,Marca
Una logo y lema para una empresa de turismo,Marca
Una marca gr√°fica para una l√≠nea de cosm√©ticos,Marca
Una marca para una bebida energ√©tica,Marca
Una logotipo y nombre para un gimnasio urbano,Marca
Una logo y lema para una empresa de turismo,Marca
Una marca sonora para una app de meditaci√≥n,Marca
Una marca figurativa para un restaurante vegano,Marca
Una nombre de marca para un negocio gastron√≥mico,Marca
Una marca gr√°fica para una l√≠nea de cosm√©ticos,Marca
Una logo y lema para una empresa de turismo,Marca
Una marca mixta para una tienda de mascotas,Marca
Una marca para una fintech peruana,Marca
Una slogan para una campa√±a de concientizaci√≥n,Marca
Una marca figurativa para un restaurante vegano,Marca
Una logotipo y nombre para un gimnasio urbano,Marca
Una marca gr√°fica para una l√≠nea de cosm√©ticos,Marca
Una marca olfativa para una l√≠nea de velas arom√°ticas,Marca
Una slogan publicitario para un producto ecol√≥gico,Marca
Una marca para una bebida energ√©tica,Marca
Una slogan para una empresa de energ√≠a renovable,Marca
Una marca gr√°fica para una l√≠nea de cosm√©ticos,Marca
Una logotipo para una empresa de tecnolog√≠a,Marca
Una marca mixta para una tienda de mascotas,Marca
Una marca para una fintech peruana,Marca
Una marca gr√°fica para una l√≠nea de cosm√©ticos,Marca
Una nombre de marca para un negocio gastron√≥mico,Marca
Una nombre comercial para una tienda de ropa,Marca
Una nombre comercial para una tienda de ropa,Marca
Una marca verbal para un servicio de mensajer√≠a,Marca
Una nombre de marca para un negocio gastron√≥mico,Marca
Una marca olfativa para una l√≠nea de velas arom√°ticas,Marca
Una naming creativo para una l√≠nea de perfumes,Marca
Una marca figurativa para un restaurante vegano,Marca
Una logotipo para un estudio de arquitectura,Marca
Una marca gr√°fica para una l√≠nea de cosm√©ticos,Marca
Una slogan para una empresa de energ√≠a renovable,Marca
Una marca verbal para un servicio de mensajer√≠a,Marca
Una marca para una l√≠nea de productos org√°nicos,Marca
Una marca para una fintech peruana,Marca
Una marca verbal para un servicio de mensajer√≠a,Marca
Una marca para una bebida energ√©tica,Marca
Una slogan para una campa√±a de concientizaci√≥n,Marca
Una marca verbal para un servicio de mensajer√≠a,Marca
Una marca figurativa para un restaurante vegano,Marca
Una marca para una fintech peruana,Marca
Una slogan para una campa√±a de concientizaci√≥n,Marca
Una slogan para una campa√±a de concientizaci√≥n,Marca
Una marca para una bebida energ√©tica,Marca
Una marca para una l√≠nea de productos org√°nicos,Marca
Una marca personal para una influencer de moda,Marca
Una marca sonora para una app de meditaci√≥n,Marca
Una logotipo para una empresa de tecnolog√≠a,Marca
Una marca para una fintech peruana,Marca
Una marca verbal para un servicio de mensajer√≠a,Marca
Una marca gr√°fica para una l√≠nea de cosm√©ticos,Marca
Una marca figurativa para un restaurante vegano,Marca
Una slogan para una empresa de energ√≠a renovable,Marca
Una marca para una l√≠nea de productos org√°nicos,Marca
Una marca figurativa para un restaurante vegano,Marca
Una marca para una bebida energ√©tica,Marca
Una slogan para una campa√±a de concientizaci√≥n,Marca
Una marca mixta para una tienda de mascotas,Marca
Una marca verbal para un servicio de mensajer√≠a,Marca
Un cerradura electr√≥nica con reconocimiento de voz,Patente
Un dispositivo para el control t√©rmico de invernaderos,Patente
Un pr√≥tesis mec√°nica con sensores de presi√≥n,Patente
Un pr√≥tesis mec√°nica con sensores de presi√≥n,Patente
Un filtro de aire reutilizable para veh√≠culos,Patente
Un dispositivo port√°til para medir calidad del aire,Patente
Un dispositivo para purificar agua con energ√≠a solar,Patente
Un instrumento m√©dico de bajo costo para diagn√≥stico,Patente
Un dispositivo para el control t√©rmico de invernaderos,Patente
Un sistema autom√°tico de riego controlado por sensores,Patente
Un silla ergon√≥mica con ajuste autom√°tico,Patente
Un dispositivo para purificar agua con energ√≠a solar,Patente
Un sistema de alerta temprana ante sismos usando IoT,Patente
Un cerradura electr√≥nica con reconocimiento de voz,Patente
Un bicicleta plegable con sistema de carga solar,Patente
Un envase biodegradable con tapa herm√©tica,Patente
Un sistema de alerta temprana ante sismos usando IoT,Patente
Un equipo de reciclaje de pl√°stico dom√©stico,Patente
Un m√©todo para producir papel a partir de c√°scara de pl√°tano,Patente
Un robot limpiador de ventanas con succi√≥n magn√©tica,Patente
Un sistema de almacenamiento de energ√≠a en tejados,Patente
Un robot limpiador de ventanas con succi√≥n magn√©tica,Patente
Un tecnolog√≠a para reducir consumo el√©ctrico en hogares,Patente
Un mecanismo de apertura de puertas sin contacto,Patente
Un mecanismo de apertura de puertas sin contacto,Patente
Un pr√≥tesis mec√°nica con sensores de presi√≥n,Patente
Un equipo de reciclaje de pl√°stico dom√©stico,Patente
Un sistema autom√°tico de riego controlado por sensores,Patente
Un sistema de alerta temprana ante sismos usando IoT,Patente
Un dispositivo para purificar agua con energ√≠a solar,Patente
Un aplicador automatizado de vacunas en animales,Patente
Un m√©todo para producir papel a partir de c√°scara de pl√°tano,Patente
Un sistema de alerta temprana ante sismos usando IoT,Patente
Un sistema autom√°tico de riego controlado por sensores,Patente
Un dispositivo para el control t√©rmico de invernaderos,Patente
Un mecanismo de apertura de puertas sin contacto,Patente
Un dispositivo para purificar agua con energ√≠a solar,Patente
Un cerradura electr√≥nica con reconocimiento de voz,Patente
Un filtro de aire reutilizable para veh√≠culos,Patente
Un aplicador automatizado de vacunas en animales,Patente
Un sistema autom√°tico de riego controlado por sensores,Patente
Un aplicador automatizado de vacunas en animales,Patente
Un equipo de reciclaje de pl√°stico dom√©stico,Patente
Un mecanismo de apertura de puertas sin contacto,Patente
Un equipo de reciclaje de pl√°stico dom√©stico,Patente
Un sistema autom√°tico de riego controlado por sensores,Patente
Un dispositivo port√°til para medir calidad del aire,Patente
Un tecnolog√≠a para reducir consumo el√©ctrico en hogares,Patente
Un pr√≥tesis mec√°nica con sensores de presi√≥n,Patente
Un instrumento m√©dico de bajo costo para diagn√≥stico,Patente
Un bicicleta plegable con sistema de carga solar,Patente
Un sistema autom√°tico de riego controlado por sensores,Patente
Un mecanismo de apertura de puertas sin contacto,Patente
Un sensor inteligente para monitorear cultivos,Patente
Un cerradura electr√≥nica con reconocimiento de voz,Patente
Un sistema de almacenamiento de energ√≠a en tejados,Patente
Un robot limpiador de ventanas con succi√≥n magn√©tica,Patente
Un filtro de aire reutilizable para veh√≠culos,Patente
Un sistema de almacenamiento de energ√≠a en tejados,Patente
Un sensor inteligente para monitorear cultivos,Patente
Un sistema autom√°tico de riego controlado por sensores,Patente
Un sistema autom√°tico de riego controlado por sensores,Patente
Un silla ergon√≥mica con ajuste autom√°tico,Patente
Un sensor inteligente para monitorear cultivos,Patente
Un tecnolog√≠a para reducir consumo el√©ctrico en hogares,Patente
Un sistema de alerta temprana ante sismos usando IoT,Patente
Un envase biodegradable con tapa herm√©tica,Patente
Un dispositivo para el control t√©rmico de invernaderos,Patente
Un mecanismo de apertura de puertas sin contacto,Patente
Un envase biodegradable con tapa herm√©tica,Patente
Un instrumento m√©dico de bajo costo para diagn√≥stico,Patente
Un sistema de alerta temprana ante sismos usando IoT,Patente
Un instrumento m√©dico de bajo costo para diagn√≥stico,Patente
Un sistema de alerta temprana ante sismos usando IoT,Patente
Un instrumento m√©dico de bajo costo para diagn√≥stico,Patente
Un sistema de alerta temprana ante sismos usando IoT,Patente
Un filtro de aire reutilizable para veh√≠culos,Patente
Un dispositivo para purificar agua con energ√≠a solar,Patente
Un cerradura electr√≥nica con reconocimiento de voz,Patente
Un equipo de reciclaje de pl√°stico dom√©stico,Patente
Un robot limpiador de ventanas con succi√≥n magn√©tica,Patente
Un m√©todo para producir papel a partir de c√°scara de pl√°tano,Patente
Un dispositivo para purificar agua con energ√≠a solar,Patente
Un sistema de alerta temprana ante sismos usando IoT,Patente
Un robot limpiador de ventanas con succi√≥n magn√©tica,Patente
Un pr√≥tesis mec√°nica con sensores de presi√≥n,Patente
Un cerradura electr√≥nica con reconocimiento de voz,Patente
Un dispositivo para el control t√©rmico de invernaderos,Patente
Un filtro de aire reutilizable para veh√≠culos,Patente
Un dispositivo para el control t√©rmico de invernaderos,Patente
Un equipo de reciclaje de pl√°stico dom√©stico,Patente
Un equipo de reciclaje de pl√°stico dom√©stico,Patente
Un dispositivo para purificar agua con energ√≠a solar,Patente
Un sistema de almacenamiento de energ√≠a en tejados,Patente
Un equipo de reciclaje de pl√°stico dom√©stico,Patente
Un filtro de aire reutilizable para veh√≠culos,Patente
Un silla ergon√≥mica con ajuste autom√°tico,Patente
Un robot limpiador de ventanas con succi√≥n magn√©tica,Patente
Un sistema de alerta temprana ante sismos usando IoT,Patente
Un silla ergon√≥mica con ajuste autom√°tico,Patente
Un sistema de almacenamiento de energ√≠a en tejados,Patente
Un envase biodegradable con tapa herm√©tica,Patente
Un aplicador automatizado de vacunas en animales,Patente
Un sistema de alerta temprana ante sismos usando IoT,Patente
Un instrumento m√©dico de bajo costo para diagn√≥stico,Patente
Un envase biodegradable con tapa herm√©tica,Patente
Un envase biodegradable con tapa herm√©tica,Patente
Un dispositivo para el control t√©rmico de invernaderos,Patente
Un sensor inteligente para monitorear cultivos,Patente
Un instrumento m√©dico de bajo costo para diagn√≥stico,Patente
Un sistema de alerta temprana ante sismos usando IoT,Patente
Un sistema de alerta temprana ante sismos usando IoT,Patente
Un envase biodegradable con tapa herm√©tica,Patente
Un pr√≥tesis mec√°nica con sensores de presi√≥n,Patente
Un robot limpiador de ventanas con succi√≥n magn√©tica,Patente
Un sistema de alerta temprana ante sismos usando IoT,Patente
Un sistema de alerta temprana ante sismos usando IoT,Patente
Un aplicador automatizado de vacunas en animales,Patente
Un sistema de alerta temprana ante sismos usando IoT,Patente
Un sistema autom√°tico de riego controlado por sensores,Patente
Un pr√≥tesis mec√°nica con sensores de presi√≥n,Patente
Un dispositivo port√°til para medir calidad del aire,Patente
Un mecanismo de apertura de puertas sin contacto,Patente
Un aplicador automatizado de vacunas en animales,Patente
Un silla ergon√≥mica con ajuste autom√°tico,Patente
Un sensor inteligente para monitorear cultivos,Patente
Un sistema de alerta temprana ante sismos usando IoT,Patente
Un pr√≥tesis mec√°nica con sensores de presi√≥n,Patente
Un equipo de reciclaje de pl√°stico dom√©stico,Patente
Un filtro de aire reutilizable para veh√≠culos,Patente
Un dispositivo port√°til para medir calidad del aire,Patente
Un cerradura electr√≥nica con reconocimiento de voz,Patente
Un sistema autom√°tico de riego controlado por sensores,Patente
Un sensor inteligente para monitorear cultivos,Patente
Un cerradura electr√≥nica con reconocimiento de voz,Patente
Un dispositivo para purificar agua con energ√≠a solar,Patente
Un equipo de reciclaje de pl√°stico dom√©stico,Patente
Un filtro de aire reutilizable para veh√≠culos,Patente
Un sensor inteligente para monitorear cultivos,Patente
Un sistema de almacenamiento de energ√≠a en tejados,Patente
Un m√©todo para producir papel a partir de c√°scara de pl√°tano,Patente
Un instrumento m√©dico de bajo costo para diagn√≥stico,Patente
Un sensor inteligente para monitorear cultivos,Patente
Un cerradura electr√≥nica con reconocimiento de voz,Patente
Un envase biodegradable con tapa herm√©tica,Patente
Un robot limpiador de ventanas con succi√≥n magn√©tica,Patente
Un pr√≥tesis mec√°nica con sensores de presi√≥n,Patente
Un robot limpiador de ventanas con succi√≥n magn√©tica,Patente
Un instrumento m√©dico de bajo costo para diagn√≥stico,Patente
Un aplicador automatizado de vacunas en animales,Patente
Un filtro de aire reutilizable para veh√≠culos,Patente
Un dispositivo para purificar agua con energ√≠a solar,Patente
Un aplicador automatizado de vacunas en animales,Patente
Un bicicleta plegable con sistema de carga solar,Patente
Un dispositivo port√°til para medir calidad del aire,Patente
Un dispositivo para el control t√©rmico de invernaderos,Patente
Un mecanismo de apertura de puertas sin contacto,Patente
Un filtro de aire reutilizable para veh√≠culos,Patente
Un dispositivo port√°til para medir calidad del aire,Patente
Un equipo de reciclaje de pl√°stico dom√©stico,Patente
Un pr√≥tesis mec√°nica con sensores de presi√≥n,Patente
Un sistema de alerta temprana ante sismos usando IoT,Patente
Un dispositivo para purificar agua con energ√≠a solar,Patente
Un dispositivo port√°til para medir calidad del aire,Patente
Un dispositivo port√°til para medir calidad del aire,Patente
Un aplicador automatizado de vacunas en animales,Patente
Un silla ergon√≥mica con ajuste autom√°tico,Patente
Un pr√≥tesis mec√°nica con sensores de presi√≥n,Patente
Un dispositivo para purificar agua con energ√≠a solar,Patente
Un dispositivo port√°til para medir calidad del aire,Patente
Un pr√≥tesis mec√°nica con sensores de presi√≥n,Patente
Un sistema de alerta temprana ante sismos usando IoT,Patente
Un filtro de aire reutilizable para veh√≠culos,Patente
Un bicicleta plegable con sistema de carga solar,Patente
Un pr√≥tesis mec√°nica con sensores de presi√≥n,Patente
Un cerradura electr√≥nica con reconocimiento de voz,Patente
Un filtro de aire reutilizable para veh√≠culos,Patente
Un sistema de almacenamiento de energ√≠a en tejados,Patente
Un m√©todo para producir papel a partir de c√°scara de pl√°tano,Patente
Un dispositivo para el control t√©rmico de invernaderos,Patente
Un tecnolog√≠a para reducir consumo el√©ctrico en hogares,Patente
Un dispositivo para el control t√©rmico de invernaderos,Patente
Un sensor inteligente para monitorear cultivos,Patente
Un sistema autom√°tico de riego controlado por sensores,Patente
Un mecanismo de apertura de puertas sin contacto,Patente
Un sensor inteligente para monitorear cultivos,Patente
Un m√©todo para producir papel a partir de c√°scara de pl√°tano,Patente
Un cerradura electr√≥nica con reconocimiento de voz,Patente
Un dispositivo para el control t√©rmico de invernaderos,Patente
Un aplicador automatizado de vacunas en animales,Patente
Un sensor inteligente para monitorear cultivos,Patente
Un dispositivo para el control t√©rmico de invernaderos,Patente
Un cerradura electr√≥nica con reconocimiento de voz,Patente
Un robot limpiador de ventanas con succi√≥n magn√©tica,Patente
Un dispositivo para purificar agua con energ√≠a solar,Patente
Un sistema de alerta temprana ante sismos usando IoT,Patente
Un dispositivo para el control t√©rmico de invernaderos,Patente
Un sistema autom√°tico de riego controlado por sensores,Patente
Un sistema de almacenamiento de energ√≠a en tejados,Patente
Un cerradura electr√≥nica con reconocimiento de voz,Patente
Invento,Patente
invenciÛn,Patente
libro,Derecho de autor
canciÛn,Derecho de autor
pintura,Derecho de autor
pelicula,Derecho de autor
cortometraje,Derecho de autor
formulaciÛn,Patente
software,Derecho de autor
nombre comercial,Marca
patente,Patente
Derecho de autor,Derecho de autor
Marca,Marca
